DATE,e_calcium,e_calories,e_carbs,e_cholesterol,e_fiber,e_protein,e_sat_fat,e_sodium,e_sugar,e_unsat_fat,m_active_time,m_calories,m_distance,m_inactive_time,m_lcat,m_lcit,m_steps,m_workout_count,m_workout_time,n_asleep_time,n_awake,n_awake_time,n_awakenings,n_bedtime,n_deep,n_duration,n_light,n_quality,n_rem,o_count,o_mood,s_asleep_time,s_awake,s_awake_time,s_awakenings,s_bedtime,s_deep,s_duration,s_light,s_quality,s_rem
20130101,17.0,709.0,86.0,170.0,0.0,45.0,3.0,836.0,13.0,1.0,996.0,33.6520000398,1165.0,,589.0,28740.0,1789.0,0.0,0.0,,,,,,,,,,,4.0,140.0,,,,,,,,,,
20130102,288.0,1112.400000572,107.60100000350000,628.1000022888000,13.0,50.893000066300000,20.75659999251,2350.0,45.06499999762,13.54019999504,8910.0,303.599000428,10681.0,,2026.0,0.0,16193.0,0.0,0.0,,,,,,,,,,,2.0,150.0,282.0,1184.0,616.0,1.0,271.0,8999.0,19859.0,10860.0,57.0,
20130103,0.0,130.0,34.0,0.0,2.0,2.0,0.0,0.0,22.0,0.0,11814.0,398.976999834,13961.0,,2026.0,5220.0,21271.0,0.0,0.0,20.0,4418.0,399.0,3.0,4.0,7861.0,19545.0,11684.0,62.0,,1.0,60.0,,,,,,,,,,
20130104,191.0,1183.0,107.0,490.0,15.0,101.0,12.0,3992.0,63.0,9.0,13190.0,455.6300005573,14104.0,,2262.0,3720.0,21771.0,1.0,900.0,,,,,,,,,,,2.0,130.0,1325.0,0.0,305.0,0.0,1325.0,0.0,25200.0,0.0,0.0,
20130105,0.0,0.0,0.0,0.0,0.0,0.0,0.0,0.0,0.0,0.0,4949.0,151.778999921,5209.0,,1232.0,5520.0,8268.0,0.0,0.0,2028.0,2031.0,1007.0,1.0,1997.0,17933.0,25263.0,7330.0,89.0,,2.0,140.0,,,,,,,,,,
20130106,270.0,496.0,29.0,128.0,1.0,48.0,9.0,1586.0,24.0,8.0,7284.0,234.412000122,8135.0,,3147.0,2640.0,12651.0,0.0,0.0,224.0,1662.0,363.0,1.0,203.0,4320.0,7980.0,3660.0,27.0,,2.0,90.0,,,,,,,,,,
20130107,20.0,332.0,18.0,0.0,2.0,10.0,5.0,180.0,3.0,20.0,13107.0,566.870000912,9911.0,,990.0,7680.0,15177.0,1.0,5400.0,1414.0,1232.0,398.0,2.0,1403.0,12958.0,24911.0,11953.0,86.0,,2.0,120.0,,,,,,,,,,
20130108,0.0,0.0,0.0,0.0,0.0,0.0,0.0,0.0,0.0,0.0,8086.0,318.00800125120000,8037.0,,692.0,4320.0,12184.0,1.0,1800.0,,,,,,,,,,,1.0,60.0,4.0,3801.0,418.0,3.0,1428.0,13349.0,22084.0,8735.0,75.0,
20130109,210.0,281.0,24.55,13.0,0.9,10.77,4.404,189.0,18.42,10.772,12395.0,445.9421645472,14163.0,,1309.0,5100.0,21286.0,1.0,900.0,,,,,,,,,,,1.0,70.0,1415.0,0.0,405.0,0.0,1415.0,0.0,25800.0,0.0,0.0,
20130110,90.0,198.0,42.0,3.0,5.0,4.0,2.0,161.0,32.0,0.0,14503.0,564.032000646,12797.0,,3164.0,5340.0,19854.0,1.0,3600.0,135.0,2262.0,553.0,3.0,123.0,16282.0,23866.0,7584.0,84.0,,2.0,90.0,,,,,,,,,,
20130111,0.0,0.0,0.0,0.0,0.0,0.0,0.0,0.0,0.0,0.0,10269.0,361.6792434485,10395.0,,1183.0,7380.0,16053.0,1.0,1200.0,1420.0,1400.0,419.0,1.0,1409.0,18660.0,25690.0,7030.0,100.0,,4.0,270.0,,,,,,,,,,
20130112,,,,,,,,,,,4356.0,140.774999728,4992.0,,1114.0,6360.0,7718.0,0.0,0.0,2724.0,3371.0,2747.0,0.0,2687.0,1452.0,1452.0,0.0,5.0,,1.0,70.0,70.0,728.0,464.0,0.0,59.0,18122.0,23822.0,5700.0,92.0,
20130113,,,,,,,,,,,3117.0,103.731000016,3682.0,,397.0,13440.0,5627.0,0.0,0.0,,,,,,,,,,,,,1412.0,2620.0,187.0,1.0,1407.0,5040.0,10626.0,5586.0,34.0,
20130114,,,,,,,,,,,4264.0,143.693000196,5001.0,,1030.0,9540.0,7662.0,0.0,0.0,,,,,,,,,,,1.0,50.0,,,,,,,,,,
20130115,10.0,105.0,27.0,0.0,3.0,1.0,0.0,1.0,14.0,0.0,4396.0,139.612000117,5068.0,,1005.0,17820.0,7825.0,0.0,0.0,427.0,730.0,451.0,0.0,416.0,1409.0,1409.0,0.0,4.0,,1.0,50.0,,,,,,,,,,
20130116,0.0,4.0,0.0,0.0,0.0,1.0,0.0,10.0,0.0,0.0,10547.0,349.137000781,8387.0,,624.0,14040.0,12694.0,1.0,3600.0,48.0,936.0,297.0,1.0,37.0,7359.0,14784.0,7425.0,42.0,,3.0,210.0,,,,,,,,,,
20130117,151.0,626.7999999523200,54.0,65.0,7.0,35.699999988079,6.0,1078.0,22.0,19.0,7622.0,232.13699872640000,6974.0,,888.0,6300.0,10221.0,1.0,2700.0,,,,,,,,,,,3.0,200.0,,,,,,,,,,
20130118,319.0,1448.79999995232,126.9300001487,326.0,22.30000019073,57.670000076316,32.350999970000000,2011.5,64.0300006866,36.189500048790000,6065.0,220.997998273,8060.0,,1113.0,5640.0,11757.0,0.0,0.0,,,,,,,,,,,4.0,240.0,91.0,602.0,422.0,1.0,87.0,13357.0,19585.0,6228.0,72.0,
20130119,565.0,1071.650024414,110.0,193.7999954224,16.25,71.3499984741,20.600000023842,2369.6000976600000,57.60000038147,13.14999985695,16532.0,822.316000355,8184.0,,1018.0,6420.0,12201.0,2.0,10500.0,,,,,,,,,,,4.0,260.0,181.0,1010.0,500.0,0.0,165.0,12480.0,19154.0,6674.0,69.0,
20130120,72.0,1034.2399877930000,96.3200026703,114.40000534060000,18.5200002861,63.6,9.7000002861,1461.56,37.0,27.63,13349.0,615.585000092,7802.0,,925.0,7860.0,11527.0,2.0,9000.0,445.0,712.0,464.0,0.0,434.0,480.0,1337.0,857.0,4.0,,3.0,170.0,48.0,1676.0,337.0,1.0,37.0,8929.0,16433.0,7504.0,59.0,
20130121,302.0,1336.699989319,117.79200172430000,330.4000053406,18.74000024795,63.954999983311,29.949100494380000,1234.39999997616,46.0140004158,24.512399971485,11302.0,540.576999698,7058.0,,657.0,12240.0,10511.0,1.0,6300.0,,,,,,,,,,,2.0,130.0,125.0,902.0,451.0,0.0,121.0,13560.0,19467.0,5907.0,73.0,
20130122,303.19999694800000,1500.499969482,131.20000457770000,164.1000061035,23.9000005722,78.7000007629,22.60000038146,2275.5,34.400000095370000,33.899999618500000,11375.0,433.208398333,8703.0,,660.0,3240.0,12842.0,2.0,5100.0,,,,,,,,,,,2.0,140.0,1439.0,2493.0,358.0,2.0,1433.0,14872.0,20452.0,5580.0,80.0,
20130123,385.19999694800000,1632.6999893189,153.0800014496,110.0,26.600000405310000,80.925000756939,42.106500363340000,1467.70000004768,44.31000032723,30.965999662842000,9078.0,286.946999311,7212.0,,644.0,5040.0,10554.0,1.0,3600.0,,,,,,,,,,,3.0,180.0,51.0,257.0,457.0,0.0,47.0,15600.0,24403.0,8803.0,89.0,
20130124,50.0,1249.9799824519,118.18333652027000,95.9700061035,20.08166687726,65.03766668948,26.850000202651,1669.513333992840,52.00000000149,19.875000023842,12555.0,513.893998764,9338.0,,891.0,6600.0,13614.0,2.0,6300.0,,,,,,,,,,,5.0,300.0,73.0,690.0,447.0,0.0,62.0,16222.0,22522.0,6300.0,87.0,
20130125,417.0,1465.7999877930000,109.3999996185,156.0,31.40000009537,78.0,23.800000011921,2126.400009155,61.4000005722,39.9999990463,7028.0,241.415000148,8556.0,,900.0,10380.0,12893.0,0.0,0.0,2228.0,5062.0,2371.0,2.0,2216.0,2460.0,4766.0,2306.0,13.0,,2.0,140.0,1419.0,1091.0,448.0,0.0,1408.0,18014.0,28214.0,10200.0,100.0,
20130126,547.0,1916.199984789,95.9360001087,304.0,25.99000000954,124.94200003147,30.035099999980000,2769.600000024,42.82100000978,54.1486990489,9333.0,323.75699991,11288.0,,1612.0,5220.0,17085.0,0.0,0.0,,,,,,,,,,,1.0,70.0,116.0,705.0,582.0,1.0,112.0,18480.0,27511.0,9031.0,97.0,
20130127,441.0,1141.5,124.0,100.5,13.0,69.9449996948,10.100500002503,3337.0,53.0,18.1875,10072.0,339.752000786,11942.0,,2204.0,10200.0,18231.0,0.0,0.0,,,,,,,,,,,3.0,170.0,139.0,1718.0,488.0,1.0,123.0,11073.0,20193.0,9120.0,68.0,
20130128,138.0,1324.39998173668,138.8000030518,111.6000061035,25.40000019073,63.5,30.80000019073,1422.5,48.7,3.0,4919.0,175.406000227,6150.0,,649.0,10740.0,9170.0,0.0,0.0,0.0,3519.0,-379.0,1.0,-4.0,1080.0,-24300.0,3420.0,9.0,,1.0,60.0,448.0,3585.0,1087.0,2.0,442.0,3300.0,35880.0,3780.0,20.0,
20130129,615.199996948,1874.6999893191,114.9000015259,347.5,29.200000524524,74.40000104899000,50.500000312922,2509.7000017165,48.60000045598,62.69999980920000,6220.0,171.0139999686,4764.0,,1353.0,24180.0,7075.0,1.0,2700.0,,,,,,,,,,,2.0,120.0,50.0,0.0,485.0,0.0,50.0,0.0,26100.0,0.0,0.0,
20130130,381.7000007629,1612.2650032044000,100.75999975201,280.83500003815,26.92000022531,51.500000417231,54.175000697370000,2209.76500988007,43.87999951836300,39.42500090602,9343.0,321.088867139,7545.0,39540.0,627.0,5520.0,11163.0,1.0,3600.0,49.0,1059.0,72.0,0.0,32.0,480.0,1395.0,915.0,3.0,,2.0,120.0,60.0,0.0,455.0,0.0,60.0,0.0,23700.0,0.0,0.0,
20130131,415.6000003815,1598.165000916,84.59999978536,354.8350000381,16.6,62.600000381500000,46.47500038147,1943.4650173144,42.10000021458000,53.125,7137.0,251.63400053,9022.0,37140.0,1441.0,4620.0,13406.0,1.0,60.0,,,,,,,,,,,4.0,270.0,72.0,1704.0,435.0,1.0,55.0,11715.0,21678.0,9963.0,73.0,
20130201,265.0,1296.1050009155,136.47999959469,242.83500003815000,31.82,52.46000038147,11.502,1704.2250161744,56.859999833110000,35.739,5010.0,179.295999298,6495.0,33780.0,3148.0,4320.0,9563.0,0.0,0.0,,,,,,,,,,,1.0,50.0,46.0,2818.0,445.0,2.0,20.0,18561.0,22970.0,4409.0,89.0,
20130202,282.0,1486.5,113.2650001717,297.5,21.0000000477,132.5300025237,11.93449979783,3586.0,58.5149999762,26.7390000506,5967.0,244.805999689,6618.0,38580.0,1482.0,8640.0,9545.0,2.0,1800.0,,,,,,,,,,,1.0,70.0,262.0,416.0,651.0,0.0,256.0,16380.0,23374.0,6994.0,80.0,
20130203,173.0,1352.0,135.99999999996000,73.0,18.19999999998,52.50000000046000,38.999999999997,437.5,55.69999999996,13.999999999980000,10406.0,507.767000692,6171.0,33780.0,855.0,10680.0,9317.0,1.0,6300.0,,,,,,,,,,,2.0,120.0,162.0,3831.0,541.0,1.0,111.0,13860.0,22246.0,8386.0,76.0,
20130204,441.0,1959.6000022888000,134.79999995231,370.5,24.600000023842,70.60000005364,43.200000047682000,2081.5000002383800,64.49999995530000,72.90000009536,15256.0,725.201000671,9916.0,39000.0,1259.0,4440.0,14664.0,2.0,8100.0,,,,,,,,,,,3.0,180.0,102.0,2991.0,388.0,0.0,53.0,10852.0,17452.0,6600.0,63.0,
20130205,609.0,1622.2000007629,100.59999990463,51.5,22.009999990462,72.19000005721700,32.700000166892000,1685.29000043866,33.789999961857,40.31000018119,14091.0,680.734000293,8968.0,35040.0,638.0,4140.0,13351.0,1.0,8100.0,,,,,,,,,,,4.0,260.0,97.0,1225.0,451.0,1.0,86.0,15060.0,20909.0,5849.0,79.0,
20130206,107.8999977112,1462.899993896,89.59999970194000,755.0,22.20999991894,59.889999794967,41.70000004764,1683.68999910356,30.789999437337,37.61000041961,6509.0,233.674999537,8405.0,32820.0,1188.0,2460.0,12393.0,0.0,0.0,,,,,,,,,,,1.0,50.0,108.0,2121.0,227.0,1.0,97.0,1980.0,6277.0,4297.0,18.0,
20130207,88.0,1186.80000782013,102.899999856931,284.5,20.470000064369,41.830000072714,27.20000007748,1024.73000016808,55.029999864094,21.770000159743,7501.0,270.59200005,9726.0,35100.0,950.0,3480.0,14315.0,0.0,0.0,,,,,,,,,,,2.0,120.0,36.0,699.0,430.0,0.0,25.0,13174.0,23674.0,10500.0,82.0,
20130208,325.0,1661.399993896,144.80500072249,485.5,25.290000104906,69.24700021744,42.64440011978,2576.6000041965,58.16199977398000,25.649200916270000,3398.0,117.326000093,4316.0,40560.0,704.0,7140.0,6409.0,0.0,0.0,,,,,,,,,,,2.0,120.0,43.0,681.0,447.0,0.0,32.0,15803.0,24383.0,8580.0,88.0,
20130209,325.0,1314.699998856,103.41999983068000,118.5,30.28000005484,59.72000011921,35.53799985098,1665.9999980930000,34.37999988556,16.545999818800000,3622.0,131.880999625,4773.0,43020.0,2860.0,6240.0,6980.0,0.0,0.0,1136.0,537.0,1227.0,1.0,1132.0,1140.0,5193.0,4053.0,11.0,,1.0,70.0,118.0,429.0,627.0,0.0,112.0,19080.0,30671.0,11591.0,100.0,
20130210,464.8999977112,1399.6000080108000,94.12999996185,359.0,27.07999985219,62.859999910600000,29.91899980926,998.29999911789,47.650000010731,35.8530001907,9368.0,432.45200012300000,6920.0,33360.0,1949.0,5460.0,10283.0,1.0,4500.0,,,,,,,,,,,2.0,120.0,99.0,853.0,628.0,0.0,88.0,14640.0,31740.0,17100.0,97.0,
20130211,105.0,1443.2000007625000,110.48999961850000,336.0,30.80000004768,63.060000000002,22.17899997616,1577.3999996185,39.9299997139,29.553000000000000,10634.0,362.889000695,9333.0,36000.0,1143.0,3240.0,13841.0,1.0,3600.0,,,,,,,,,,,1.0,50.0,82.0,1028.0,386.0,0.0,66.0,7140.0,18470.0,11330.0,57.0,
20130212,160.0,1687.6000061038,114.120000004769,366.0000009537,37.640000021458,75.20000023841,40.659999976162,2836.500030518,37.160000011325000,37.7,15056.0,777.7459998860000,10883.0,32880.0,1102.0,4680.0,16083.0,2.0,9000.0,,,,,,,,,,,3.0,200.0,16.0,257.0,477.0,0.0,12.0,15300.0,27660.0,12360.0,95.0,
20130213,196.0,1749.000015259,151.580000221747,270.0,37.18000004292,94.94399997591800,26.821800196167,3172.900001526,47.713999995966500,47.707400363717,9676.0,328.584000125,8058.0,40200.0,1409.0,4380.0,11960.0,1.0,3600.0,,,,,,,,,,,2.0,140.0,69.0,282.0,390.0,0.0,65.0,8139.0,19449.0,11310.0,62.0,
20130214,0.0,1493.100000763,151.47000021223,282.0,23.040000021457000,70.470000029802,36.029999964196,1477.90000047684,29.630000023840000,41.900000035766,9529.0,282.9209056628,9061.0,35280.0,654.0,6420.0,13387.0,1.0,2700.0,,,,,,,,,,,3.0,200.0,70.0,2231.0,384.0,1.0,54.0,11038.0,18298.0,7260.0,67.0,
20130215,60.0,570.0,57.51999998093,0.0,13.70000014305,14.080000162120000,7.32000007629,157.0,23.32000005245,27.10000009537,3449.0,125.396999847,4445.0,41640.0,656.0,7080.0,6563.0,0.0,0.0,,,,,,,,,,,1.0,50.0,87.0,964.0,451.0,0.0,76.0,14587.0,21896.0,7309.0,80.0,
20130216,390.0,1530.25,105.64000021690900,346.0,32.870000070333,66.730000337342,27.069000024278,1915.50000095,34.839999978546000,50.79650003728,5782.0,214.559999384,7689.0,36600.0,1361.0,4740.0,11203.0,0.0,0.0,,,,,,,,,,,1.0,50.0,33.0,1227.0,579.0,1.0,29.0,20359.0,32359.0,12000.0,100.0,
20130217,284.71428585052,1476.1428585052,75.17142862081500,405.0,25.885714310408000,74.17142862081500,39.042857195437,1339.5,23.242857150733000,46.7,10529.0,317.187000081,7492.0,37140.0,1277.0,4860.0,11068.0,1.0,4800.0,,,,,,,,,,,3.0,200.0,254.0,759.0,533.0,0.0,243.0,10862.0,16862.0,6000.0,56.0,
20130218,120.0,1054.1000003815,83.740000426791,116.7000007629,21.589999938010000,42.302001252761,24.6907001130372,1267.87500763,31.760000064969,23.8923005949623,7293.0,313.923999501,6847.0,40320.0,1294.0,9240.0,10158.0,1.0,2400.0,,,,,,,,,,,2.0,120.0,133.0,1209.0,541.0,0.0,116.0,16981.0,24540.0,7559.0,89.0,
20130219,140.0,1601.7800075531,102.9549999881,180.78000070568000,27.907999882706,76.81100150443,37.734800179791000,1964.83701219546,41.39900007785,52.257000294893000,13464.0,753.993000178,8570.0,36900.0,932.0,9840.0,12755.0,2.0,8100.0,,,,,,,,,,,2.0,120.0,123.0,1983.0,486.0,2.0,111.0,13208.0,20540.0,7332.0,76.0,
20130220,357.0,1548.1769895554,138.92262609008,405.03999996185,30.222374308109,75.74721588016500,32.959590291510000,2842.41269922252,52.30259032245600,38.647374140255000,10405.0,360.47599934,9185.0,33720.0,1240.0,4020.0,13432.0,1.0,3600.0,,,,,,,,,,,3.0,200.0,78.0,1439.0,457.0,0.0,67.0,12780.0,22647.0,9867.0,78.0,
20130221,173.99999952316,1268.2734394069,82.23992574213000,106.51999998093,21.911919409039,45.690335333345,34.7730543300485,1187.97642254829,24.238254427913,49.5895206168357,8898.0,305.83899913,6889.0,39960.0,889.0,9660.0,10136.0,1.0,3600.0,,,,,,,,,,,2.0,120.0,77.0,1728.0,461.0,1.0,66.0,16274.0,22735.0,6461.0,84.0,
20130222,245.9999980927,951.2856297493000,57.847116684928,87.29999995232,18.049612915514,41.821723484993000,23.7154364634904,815.90094640848,21.801836156841,26.7678127042361,10636.0,541.282000154,6769.0,39300.0,789.0,6180.0,9715.0,1.0,6300.0,,,,,,,,,,,1.0,50.0,89.0,1263.0,433.0,1.0,73.0,11654.0,20414.0,8760.0,69.0,
20130223,129.9999980927,1467.6500066755,126.40883377556,190.77999997139,29.928333336108000,75.11983344264500,39.229000290144900,2591.80833187514,33.76666681767,31.7894000534362,18621.0,836.19299911,10392.0,33600.0,1738.0,5220.0,15411.0,1.0,13500.0,177.0,707.0,551.0,0.0,166.0,16740.0,22447.0,5707.0,83.0,,1.0,70.0,114.0,1613.0,137.0,0.0,92.0,480.0,1440.0,960.0,4.0,
20130224,683.99999904633,1523.2000408170000,144.86700025559,312.1000061035,42.23999984265000,55.3980016899,29.86179985083,1905.70002747,35.822999975684,44.22070163389,11263.0,323.63781561400000,7570.0,37560.0,2023.0,6540.0,11163.0,1.0,5400.0,,,,,,,,,,,1.0,50.0,195.0,0.0,555.0,0.0,195.0,0.0,21634.0,0.0,0.0,
20130225,207.0,1431.2368125912,83.22490677926,404.92000055293,18.509898981448,63.961920072986000,50.211318263990000,2026.61428868855,33.407817678483,41.14989974882,13591.0,524.318999459,9055.0,36900.0,958.0,4140.0,13344.0,2.0,7200.0,,,,,,,,,,,2.0,100.0,105.0,1287.0,474.0,1.0,89.0,14522.0,21925.0,7403.0,78.0,
20130226,389.0,1360.6145381927,92.008272230607,174.30000209810000,28.516599342227,70.57261228564500,32.94454625249,2006.6261944771,29.00687900181,38.863766938456000,9088.0,326.0529991389,9065.0,36300.0,903.0,7620.0,12963.0,1.0,2700.0,,,,,,,,,,,2.0,120.0,102.0,1653.0,506.0,1.0,91.0,16380.0,23288.0,6908.0,86.0,
20130227,276.0,1344.5745449065,88.59343729024,370.38800001144,22.925599277009,64.35851090547400,36.65044501729,1508.07784724255,38.938545131688,45.898266197686,5898.0,214.282999679,7695.0,35580.0,2806.0,8040.0,11293.0,0.0,0.0,,,,,,,,,,,1.0,60.0,121.0,5208.0,459.0,2.0,44.0,12353.0,19911.0,7558.0,68.0,
20130228,475.0,1375.3200130468000,100.24866695707600,151.60000038147,28.533333539957,75.221333243854,31.8177000692493,1572.5666790015,38.51799976348,32.186600324033,9743.0,337.33050953890000,9294.0,37500.0,839.0,8040.0,13719.0,1.0,2700.0,,,,,,,,,,,1.0,50.0,93.0,1318.0,422.0,0.0,72.0,10631.0,19931.0,9300.0,66.0,
20130301,470.0,1124.5692863463,72.285434103,90.7000007629,18.578985583783000,47.7779714346,37.220739542513,729.168130874,31.45449275971,28.439210864740000,6446.0,235.660000183,8514.0,32340.0,857.0,2940.0,12440.0,0.0,0.0,,,,,,,,,,,1.0,50.0,89.0,3821.0,388.0,1.0,53.0,9060.0,17280.0,8220.0,58.0,
20130302,332.0,1724.9200086593,114.8639999291,339.0,20.359999996421,102.728000339502,45.306499788499900,2831.90000004,60.646000332545,35.230300223828000,5478.0,194.619999627,6850.0,38220.0,688.0,4920.0,10228.0,0.0,0.0,,,,,,,,,,,2.0,120.0,45.0,0.0,525.0,0.0,45.0,0.0,28792.0,0.0,0.0,
20130303,124.0,1485.7700645445000,78.66500136845,472.000008464,19.22500039101,72.75000317097000,45.26050093463,1102.100036621,26.72500005841,47.1980015259,13297.0,753.252999347,8146.0,33960.0,1112.0,4380.0,12002.0,1.0,7920.0,,,,,,,,,,,1.0,50.0,93.0,1397.0,531.0,0.0,71.0,16680.0,26387.0,9707.0,93.0,
20130304,324.0,1282.9460201259,116.69320015189,441.7879998085230,21.79760014416,72.095400228502,29.53849974874830,2340.000402689020,59.15099978092100,26.81219999813850,12175.0,554.9159995,10979.0,31080.0,1282.0,3540.0,16108.0,1.0,5100.0,,,,,,,,,,,2.0,120.0,92.0,1530.0,451.0,0.0,81.0,14580.0,21780.0,7200.0,80.0,
20130305,275.8985519409,1204.2330875396,84.65632482765700,428.4323339685640,21.145814543959000,69.25954804360900,24.22774937885490,1506.213402032930,36.25240596891,23.6983101055411,13851.0,783.6980002610000,9738.0,33180.0,914.0,4080.0,14188.0,1.0,7800.0,,,,,,,,,,,1.0,50.0,68.0,776.0,431.0,0.0,56.0,13395.0,21864.0,8469.0,78.0,
20130306,265.6666660309,1311.7466878893,102.41333395244000,223.365000769457,21.953000235569000,73.796000495507,28.143400592558300,1670.2320027360500,48.406000226733000,27.047800540170000,8778.0,403.534000349,8086.0,39060.0,677.0,4740.0,12015.0,1.0,2700.0,71.0,1979.0,485.0,2.0,55.0,12198.0,24052.0,11854.0,77.0,,1.0,60.0,,,,,,,,,,
20130307,202.0,1330.5000133513,91.01900136470200,232.07500115781200,23.53500027656,74.523000031683,26.3642006833195,1391.5200024844,38.259000599381000,41.778001473850200,5197.0,185.841999851,6630.0,37980.0,680.0,2940.0,9820.0,0.0,0.0,,,,,,,,,,,1.0,50.0,60.0,1834.0,459.0,2.0,49.0,17053.0,22770.0,5717.0,87.0,
20130308,285.0,1174.8200054168,129.60666781664300,231.110000006855,22.53533343076,59.411333501304,27.9928003996651,910.15466463605,54.802000534541000,11.9900003001083,11263.0,386.690999664,9815.0,36480.0,1529.0,6480.0,14548.0,1.0,3600.0,82.0,1809.0,505.0,2.0,60.0,17023.0,24966.0,7943.0,89.0,,1.0,50.0,,,,,,,,,,
20130309,298.0,1365.367,57.955,200.5,19.477,104.061,42.744,1577.355,22.327000000000000,41.522,12116.0,689.782000068,8770.0,37740.0,1213.0,6240.0,12887.0,1.0,7260.0,,,,,,,,,,,1.0,50.0,127.0,744.0,461.0,0.0,116.0,12660.0,20160.0,7500.0,70.0,
20130310,184.0956487656,1452.7774372111000,97.25047850605000,226.5999984741,16.467238891125,79.709859669224,33.5973298042603,3011.21816826197,20.438619971280000,31.3592840075626,4937.0,181.841999359,6389.0,36420.0,677.0,4020.0,9350.0,0.0,0.0,,,,,,,,,,,1.0,60.0,119.0,1044.0,628.0,1.0,108.0,15606.0,26723.0,11117.0,88.0,
20130311,470.0,1465.4219875335,131.93300151819,291.5,34.692000305662,100.12599894411800,35.04319996945,1699.7300097940200,41.37900002005,17.509200252592,5109.0,184.43599955,6754.0,37440.0,589.0,4800.0,9881.0,0.0,0.0,,,,,,,,,,,1.0,50.0,,,,,,,,,,
20130312,451.0,1261.1009883883,121.10500097278,216.0,19.771000146867,60.69800060984,30.099000185724,1074.66499984264,52.98100066184,23.06250068546,11127.0,624.236000309,7754.0,32940.0,770.0,6600.0,11462.0,1.0,6300.0,,,,,,,,,,,2.0,120.0,109.0,5177.0,488.0,1.0,43.0,17160.0,21730.0,4570.0,83.0,
20130313,181.1666698455,1358.5343418123000,92.14000152051,157.6000003815,19.501000143587,90.32066977015900,30.953966751683,1097.06501376638,43.91100060939200,36.801033288239,7150.0,271.303999661,9811.0,33720.0,761.0,4800.0,14129.0,0.0,0.0,,,,,,,,,,,2.0,120.0,95.0,2488.0,459.0,0.0,64.0,15181.0,21960.0,6779.0,82.0,
20130314,406.2000007629,1235.1009979248000,77.32500043869,157.0,24.631000137330000,66.253000111579,30.401000064850000,2041.96500146391,30.12100008964,36.790000616546000,6046.0,234.31499942,8446.0,37980.0,756.0,4440.0,12003.0,0.0,0.0,,,,,,,,,,,2.0,120.0,142.0,2045.0,511.0,1.0,116.0,12151.0,21871.0,9720.0,72.0,
20130315,360.5000019073,1375.0009960169,101.71500177857000,430.4000091551,21.54100023508,68.95700133082600,30.616800235511,1367.06502511571,23.7490003395,44.33440107034,9753.0,336.978999346,8499.0,33660.0,1072.0,4920.0,12340.0,1.0,3600.0,,,,,,,,,,,2.0,120.0,88.0,4543.0,446.0,2.0,31.0,13245.0,20565.0,7320.0,71.0,
20130316,60.0,439.0,2.060000016689,327.0,0.280000001192,40.763999869811,10.017000030952100,525.60000002384,0.843999986649,16.0207997427279,13995.0,642.7111137890000,10842.0,35220.0,1619.0,9840.0,16167.0,1.0,6900.0,,,,,,,,,,,1.0,50.0,59.0,0.0,479.0,0.0,59.0,0.0,25200.0,0.0,0.0,
20130317,480.0,1252.400012016,70.70800106525,222.3000011444,19.350000035757000,67.245001989562,34.1910004053233,1105.8000208138300,20.8200007081,38.9745006128799,10970.0,687.954999415,8385.0,33480.0,1942.0,5400.0,12284.0,1.0,6300.0,,,,,,,,,,,2.0,130.0,98.0,757.0,491.0,0.0,86.0,14880.0,23739.0,8859.0,85.0,
20130318,570.0,1485.7000193592,92.76000027661300,601.5,18.680000108474,106.499002683166,38.7119998891111,1595.0000126358500,41.22400057315,28.0287996359379,9772.0,340.52399928700000,8459.0,38580.0,772.0,3420.0,12318.0,1.0,3600.0,,,,,,,,,,,2.0,110.0,68.0,1370.0,449.0,0.0,54.0,13320.0,22980.0,9660.0,80.0,
20130319,466.19999885560000,1306.3000097269,113.78199960232,436.99999713893,20.020000004759000,82.48000119044480,28.3284001119811,1520.1000087853200,46.47699976448,25.9026000500582,11888.0,554.623000141,8604.0,36720.0,737.0,5040.0,12802.0,1.0,6000.0,,,,,,,,,,,2.0,150.0,169.0,8178.0,393.0,1.0,58.0,7958.0,12690.0,4732.0,46.0,
20130320,297.80000114440000,1206.6849956506000,74.79499960424,332.5,17.154999959467000,54.04500092979000,42.268000252993,1277.07500481545,16.275000050061,26.361999939204,10061.0,354.7479994651,9173.0,33240.0,664.0,3540.0,13326.0,1.0,3600.0,,,,,,,,,,,1.0,50.0,81.0,1096.0,460.0,1.0,70.0,11281.0,22590.0,11309.0,75.0,
20130321,692.6000003815,1330.6074085231,94.64100028519000,413.200000763,22.429400086416,84.474201133152,30.121800223590000,1685.831008732210,36.109400247296,27.627400127858,6371.0,224.46099956,8200.0,37080.0,1057.0,5400.0,12088.0,0.0,0.0,,,,,,,,,,,1.0,50.0,95.0,3588.0,423.0,1.0,43.0,11712.0,19512.0,7800.0,68.0,
20130322,176.6000022888,1375.83449602124,94.97349898813,122.4000015259,16.539499861001,55.954500663246000,40.770199680354,3232.74250078204,40.31949985031,32.5367995143,10578.0,397.246999097,9010.0,37260.0,637.0,5160.0,13272.0,2.0,4200.0,,,,,,,,,,,1.0,50.0,35.0,3360.0,448.0,1.0,18.0,16847.0,22546.0,5699.0,86.0,
20130323,140.0,457.5,53.990000000000000,3.0,9.400000011921,8.55,1.052,294.5,32.17,5.38700002384,10581.0,450.877999183,11244.0,34020.0,1265.0,3960.0,16372.0,1.0,2700.0,,,,,,,,,,,2.0,130.0,111.0,735.0,439.0,0.0,99.0,12836.0,19739.0,6903.0,71.0,
20130324,233.0000038147,799.78450036002,57.33050109857,49.4000005722,10.069499981401,22.57950000763,21.739599971772,569.84250259411,29.79250049591,32.26519992494,13943.0,750.2119998970000,9804.0,31920.0,757.0,4020.0,14559.0,1.0,7200.0,,,,,,,,,,,1.0,50.0,130.0,0.0,490.0,0.0,130.0,0.0,21600.0,0.0,0.0,
20130325,408.1999998093,1342.26667809542,97.65591333384,351.1000022888,25.059565436837000,79.792971917392,28.888013081363200,1101.10000276568,41.587971543061,39.129248509388400,11473.0,452.84568910200000,11057.0,32040.0,1279.0,5340.0,16093.0,1.0,3600.0,27.0,980.0,456.0,1.0,16.0,15493.0,25630.0,10137.0,90.0,,4.0,230.0,,,,,,,,,,
20130326,279.56521224980000,1126.39763665262,115.99286930563000,137.5,24.366782563921000,71.939522254502,19.778990985348,2014.773477787820,47.982606738831,26.476543453891,11952.0,645.375000671,8025.0,36240.0,522.0,7800.0,12016.0,1.0,6300.0,,,,,,,,,,,3.0,150.0,60.0,1875.0,449.0,3.0,44.0,11085.0,22507.0,11422.0,73.0,
20130327,167.0,1249.3813640589,119.87135176186000,102.0,21.093659905192000,60.177126621872700,31.401857936623,1516.115083367140,40.145792663119,25.03554044318800,7157.0,252.727999531,9073.0,37440.0,1247.0,5280.0,13467.0,0.0,0.0,,,,,,,,,,,2.0,120.0,61.0,1848.0,485.0,2.0,45.0,13921.0,24644.0,10723.0,83.0,
20130328,288.0,1462.43817162542,120.04220018632,209.5,23.789996600151,100.2142623993630,19.238883054254,2360.176687778550,50.331428328717000,36.13527057600400,6860.0,248.388000203,8918.0,37380.0,1099.0,6000.0,13095.0,0.0,0.0,,,,,,,,,,,2.0,130.0,73.0,1003.0,447.0,1.0,62.0,16581.0,22281.0,5700.0,84.0,
20130329,235.000015259,1241.5661978717400,89.03149008747000,325.500030518,17.001357764006000,33.3530163467,54.47618751037020,430.094752460972,55.24521648887,31.1099372282073,11467.0,568.619000345,10067.0,36000.0,1250.0,4740.0,14946.0,1.0,4500.0,,,,,,,,,,,1.0,50.0,165.0,1051.0,414.0,0.0,149.0,6481.0,14902.0,8421.0,48.0,
20130330,313.0,1401.90000963214,142.62291484001,361.0,24.44956584722,65.37930488467700,28.917614130136000,2661.7000093463,57.00630494231,20.097648372646,15555.0,965.0700005440000,8243.0,36780.0,1498.0,11640.0,12113.0,3.0,11400.0,,,,,,,,,,,1.0,80.0,64.0,773.0,403.0,0.0,53.0,13680.0,20460.0,6780.0,77.0,
20130331,369.000007629,1611.5000228884,126.94391429900000,151.0,32.269565868380000,98.02130601405,32.482914321416000,2091.0000038146,44.67130482675,31.342348331450000,11262.0,669.629946321,9116.0,33660.0,982.0,5340.0,13564.0,2.0,5400.0,134.0,1025.0,530.0,2.0,130.0,11338.0,23030.0,11692.0,72.0,,2.0,120.0,,,,,,,,,,
20130401,558.0,1434.0994129179,107.3800098896,114.0,33.500566077232,68.700654226538,36.30680845550620,1632.523735120920,39.29065430164,13.2256482180335,15203.0,710.361533354,9346.0,38640.0,1328.0,9540.0,13824.0,2.0,8100.0,,,,,,,,,,,1.0,60.0,90.0,0.0,428.0,0.0,90.0,0.0,20280.0,0.0,0.0,
20130402,241.0000038147,1466.8833622943700,105.446350741309,121.9000072479,22.810073256494000,73.356451393349,26.98464934199570,1787.9000213739,42.280449759150000,41.54870927456390,5550.0,193.08199966,6916.0,37200.0,1075.0,9360.0,10325.0,0.0,0.0,,,,,,,,,,,1.0,70.0,111.0,1144.0,388.0,0.0,93.0,8580.0,16750.0,8170.0,58.0,
20130403,280.0,1450.700999451,125.61400167940000,195.89999961860000,31.53100031614,97.068000490649,30.5455006793782,3226.8649971535,44.147000070669,14.878000259695,10060.0,498.10200017700000,8994.0,36840.0,1496.0,6420.0,13327.0,1.0,3600.0,,,,,,,,,,,1.0,60.0,1439.0,1215.0,459.0,1.0,1424.0,15180.0,27547.0,12367.0,96.0,
20130404,206.0,1543.1344909667,111.22250042109000,229.5999984741,26.71950016022,99.80250191685000,38.195900274812000,1962.54251992643,35.74450004101,21.083900079127,9032.0,297.8470005061,8315.0,37020.0,807.0,9060.0,12431.0,1.0,2700.0,30.0,0.0,210.0,0.0,30.0,0.0,10800.0,0.0,0.0,,2.0,120.0,228.0,862.0,399.0,2.0,224.0,4504.0,9784.0,5280.0,28.0,
20130405,221.0,1432.3830242154,117.15861948968,328.0,17.300500166405,77.41093805311,31.653392096061,2161.523444384780,39.60793669223,28.627499956366000,8527.0,310.184999745,6348.0,40500.0,756.0,5460.0,9480.0,1.0,3600.0,,,,,,,,,,,1.0,50.0,127.0,4505.0,403.0,0.0,53.0,9180.0,16505.0,7325.0,58.0,
20130406,284.0,1350.0000038147,94.71000066398,233.6000003815,22.90000004768,91.66700057032,19.824200090015900,1949.800003052,24.859999830711,23.006400282375000,6890.0,322.479000494,6894.0,40260.0,1138.0,7020.0,10212.0,1.0,1800.0,,,,,,,,,,,2.0,120.0,46.0,3546.0,480.0,1.0,0.0,14188.0,25409.0,11221.0,86.0,
20130407,212.0,1390.5000152584,73.84500113129000,237.1000003815,20.30000028611,95.17200342646400,28.2667006127429,1756.3000526436000,24.435000534054000,27.457400156265000,1315.0,36.24154289096,277.0,47340.0,40.0,47340.0,347.0,1.0,1200.0,,,,,,,,,,,2.0,130.0,152.0,994.0,466.0,1.0,141.0,11750.0,18563.0,6813.0,65.0,
20130408,295.0,1229.6200019837000,99.456000298563,176.0,27.800000214580000,84.179999995244,19.764900328514900,1390.4000110623,37.067000095839,24.782400217895,14482.0,601.303999361,10315.0,33360.0,1102.0,3420.0,15388.0,2.0,7200.0,,,,,,,,,,,1.0,50.0,61.0,1131.0,467.0,1.0,57.0,7801.0,23933.0,16132.0,69.0,
20130409,833.400024414,1336.3171073917000,94.51876854893000,143.0,30.131884258950000,77.83594264984,29.27126889211,1621.3391418461,31.87594220519,32.789500171660000,13772.0,812.915999573,10419.0,34980.0,1265.0,6660.0,15509.0,1.0,6900.0,,,,,,,,,,,1.0,70.0,83.0,1015.0,452.0,0.0,67.0,14580.0,22305.0,7725.0,82.0,
20130410,314.0,1301.1200057984,114.26500004535900,150.5000019073,33.509999912989,71.678000056783,32.8659997940144,1556.000003636120,37.846000254159,36.6657999150141,10490.0,362.787000475,8688.0,37080.0,859.0,4620.0,13031.0,1.0,3600.0,65.0,0.0,165.0,0.0,65.0,0.0,6000.0,0.0,0.0,,2.0,120.0,189.0,1306.0,450.0,1.0,185.0,9254.0,15554.0,6300.0,52.0,
20130411,340.0,1377.5000114445,118.49000069497200,217.70000362390000,28.970000189540000,77.45300090316,24.8956002727123,891.0000027716400,23.376000136136000,34.905900716770000,10392.0,470.42800027700000,11009.0,35460.0,2407.0,7620.0,16421.0,1.0,1800.0,,,,,,,,,,,2.0,110.0,,,,,,,,,,
20130412,341.8000049591,723.8000030518,91.148334462619,44.900001525900000,15.56666662693,26.52166715145,17.535000366688,1100.7333354954,37.695000569809,12.67699995423,7994.0,281.785999473,10111.0,38100.0,1350.0,5160.0,15020.0,0.0,0.0,,,,,,,,,,,2.0,150.0,109.0,1359.0,458.0,1.0,93.0,14289.0,20641.0,6352.0,75.0,
20130413,276.0,1160.1999864577700,92.26900015232200,182.80000090595000,24.500000019379,61.56400108342,25.9160998850671,1244.90000510245,15.283999895598,43.443299352637000,7597.0,354.81800156500000,9038.0,37200.0,749.0,12240.0,13325.0,2.0,1500.0,,,,,,,,,,,1.0,50.0,78.0,1118.0,442.0,0.0,62.0,13981.0,21960.0,7979.0,80.0,
20130414,450.0,1286.519999504,111.15366733068000,105.0,23.843333280083000,58.561333209278,33.68719981050860,961.741668761605,38.586000502107,24.127200104667000,6195.0,221.664000221,7905.0,37860.0,1132.0,7140.0,11682.0,0.0,0.0,,,,,,,,,,,2.0,120.0,,,,,,,,,,
20130415,438.3000068664,1399.5040330894000,112.422754991037,241.5000076294,28.625000700371,90.499001428441,19.467675335718,1966.30006587493,28.0422504617967,49.614602163470000,6289.0,277.315000679,5648.0,37680.0,917.0,8640.0,8475.0,1.0,1800.0,,,,,,,,,,,1.0,60.0,71.0,5627.0,556.0,3.0,1.0,17825.0,27905.0,10080.0,97.0,
20130416,468.0,1371.8860216138000,112.310831158185,284.0,27.281667169932,75.70795769867200,28.2422028620384,3610.340639890090,46.7505416399262,38.371001755058,6643.0,241.797998963,8657.0,36720.0,629.0,4140.0,12714.0,0.0,0.0,,,,,,,,,,,1.0,50.0,98.0,989.0,452.0,0.0,82.0,12615.0,21315.0,8700.0,73.0,
20130417,569.6000013352,1462.1000022887000,105.34200261828000,480.900001526,25.970000565057,100.973999335801,27.220300326677100,3064.2999927395500,40.45600087375,33.6784008922937,10300.0,464.68899954200000,9925.0,35940.0,1244.0,6420.0,14639.0,1.0,3000.0,,,,,,,,,,,1.0,50.0,125.0,1289.0,434.0,0.0,104.0,11150.0,18828.0,7678.0,64.0,
20130418,214.0,1223.0000057217000,82.438502161455,93.9999980927,21.760000434514,51.359999523192,36.89515051832330,1399.8750000592400,37.772500352998800,32.4159010157775,5506.0,199.897999894,7063.0,37560.0,1274.0,7440.0,10432.0,0.0,0.0,426.0,431.0,480.0,0.0,420.0,3180.0,3210.0,30.0,11.0,,1.0,50.0,104.0,702.0,413.0,0.0,93.0,13680.0,18637.0,4957.0,72.0,
20130419,330.0,1292.5000076300000,105.74400257047,368.5,28.28000056743,59.828002822367,29.8880003245079,2000.3000086510300,42.607000760133000,45.422801787023,1467.0,49.890000103,1743.0,46200.0,510.0,11340.0,2659.0,0.0,0.0,1597.0,24743.0,1686.0,0.0,1216.0,2580.0,5756.0,3176.0,14.0,,1.0,50.0,185.0,717.0,424.0,0.0,174.0,10566.0,14466.0,3900.0,54.0,
20130420,68.0,588.0,82.500000178813,12.0,14.20000007153,19.79999995232,2.300000023842,413.000007629,23.200000047684,12.600000011921,13812.0,735.6740001590000,10441.0,33300.0,859.0,5220.0,15564.0,1.0,7200.0,,,,,,,,,,,1.0,80.0,35.0,1575.0,579.0,2.0,24.0,19293.0,32013.0,12720.0,100.0,
20130421,493.60000038147,1409.2499980927,137.688001365587,432.899999619,30.710000342126000,71.443000353569,20.3215001989329,1798.3500013953800,54.07700064421900,45.957000603823000,14208.0,852.071000163,12346.0,30780.0,2396.0,6900.0,18444.0,1.0,6300.0,,,,,,,,,,,1.0,70.0,177.0,1730.0,486.0,0.0,161.0,11768.0,18638.0,6870.0,65.0,
20130422,285.0,1346.0866756440000,121.61933520319000,187.0,29.39000036716,65.644000281151,16.172400378784,1894.37500214372,52.994333819170000,31.898501227129000,19099.0,994.074999892,10778.0,29700.0,1063.0,3960.0,15932.0,2.0,12600.0,,,,,,,,,,,1.0,70.0,113.0,1544.0,491.0,1.0,91.0,13478.0,22478.0,9000.0,76.0,
20130423,338.0,1259.6499958044,95.127250998027,186.3999996185,25.776000404360000,60.630400185597,37.0566258569433,1510.500004232460,36.057350054966,32.251100282856,5519.0,193.623999173,6922.0,40020.0,642.0,5760.0,10324.0,0.0,0.0,,,,,,,,,,,1.0,50.0,115.0,1996.0,494.0,1.0,104.0,8760.0,21502.0,12742.0,65.0,
20130424,616.428571701,1470.2457180023000,117.522357766039,454.2000007629,35.475928783415,78.67455752788600,27.057914641733,2371.599987089210,41.3540142330443,39.143300106655000,6931.0,284.3350008258,7630.0,37860.0,1460.0,6540.0,11433.0,1.0,1200.0,,,,,,,,,,,1.0,50.0,159.0,741.0,448.0,0.0,148.0,11881.0,17404.0,5523.0,64.0,
20130425,357.0,1398.4764022829,122.27241069799,442.5,37.35624616143,76.62474774840000,36.2580280999,2435.000019133600,53.274744393810000,43.13819647125,10233.0,503.900999661,11872.0,35880.0,2568.0,5820.0,17341.0,1.0,3600.0,,,,,,,,,,,2.0,120.0,82.0,1671.0,456.0,1.0,71.0,16752.0,22356.0,5604.0,85.0,
20130426,736.97142839437,1499.5195765495,68.16727547646200,249.0,17.428650885823,89.69319062531100,36.13439173847,1392.1000000834500,36.323396791515000,46.07074079514,16420.0,446.885000137,11151.0,36600.0,1236.0,4560.0,16781.0,2.0,8101.0,,,,,,,,,,,1.0,50.0,47.0,769.0,385.0,0.0,35.0,12002.0,20330.0,8328.0,73.0,
20130427,580.0,1371.083776474,99.05096547364700,199.99999952316,22.676576960089,85.28088257789300,35.977330221667,1936.2984085083,47.304144047493,30.012891886830000,16272.0,681.5650006870000,13549.0,30720.0,1550.0,4560.0,20614.0,1.0,5400.0,,,,,,,,,,,1.0,50.0,36.0,1620.0,465.0,1.0,25.0,13260.0,25207.0,11947.0,86.0,
20130428,803.6000366210000,1233.1518912312,93.48084762094,162.800003052,22.205688416939000,82.459414485693,24.9475183955,2221.300025935,53.930963487620000,12.99372278176,4630.0,158.164000733,5657.0,41040.0,1296.0,8700.0,8539.0,0.0,0.0,,,,,,,,,,,1.0,70.0,95.0,3489.0,471.0,2.0,46.0,15299.0,22071.0,6772.0,79.0,
20130429,390.0000019073,1279.9588851928,108.97749896527000,423.19999885560000,30.520888853079,67.38253320990400,26.115020075913,2461.500022947400,22.872244044539,28.339370051387,9285.0,414.887999304,7312.0,37800.0,749.0,5100.0,10810.0,1.0,3600.0,,,,,,,,,,,1.0,50.0,1409.0,1137.0,448.0,1.0,1398.0,19442.0,28456.0,9014.0,100.0,
20130430,327.666667938,1254.5852155698,64.80884792322100,668.666671753,17.698355251589,83.99741325489400,26.212218640969000,2463.566695451180,25.370963540916700,35.893088779063,6318.0,228.115999594,8177.0,40080.0,800.0,6300.0,12037.0,0.0,0.0,,,,,,,,,,,1.0,50.0,89.0,822.0,466.0,0.0,76.0,10680.0,22857.0,12177.0,74.0,
20130501,342.5000019073,1357.1896324142,140.90183596251,181.0,30.561234426495000,66.559721603405,30.284923437712000,2211.2272577291700,26.9654587677177,38.584538192759,11217.0,518.699000338,10146.0,34740.0,1542.0,3180.0,15119.0,1.0,3600.0,,,,,,,,,,,1.0,50.0,48.0,2366.0,462.0,1.0,37.0,17159.0,23671.0,6512.0,92.0,
20130502,356.000007629,1227.7269883155300,105.24683643821000,245.0,27.060983794921,70.24340407632010,27.62117409625220,1534.4211627999100,46.55297856211,23.20050709582140,8234.0,351.4012330428,9091.0,39360.0,1029.0,7740.0,13436.0,1.0,2100.0,,,,,,,,,,,1.0,50.0,182.0,2131.0,424.0,0.0,154.0,9540.0,14470.0,4930.0,53.0,
20130503,668.0000152590000,1537.3099060058,103.20713379864300,269.5,33.102476632584,89.823899382395,33.345455748996100,1671.8066683423000,44.629977941506,53.696803132257000,7203.0,252.94000029,9107.0,40680.0,1961.0,11280.0,13549.0,0.0,0.0,,,,,,,,,,,1.0,70.0,85.0,686.0,424.0,0.0,74.0,13081.0,20356.0,7275.0,74.0,
20130504,124.0,1268.6680107127,88.813452780223,549.0,19.283920824518000,71.6227633366138,31.950600564479,1103.2066584235700,38.81000021102,38.056113010847500,9502.0,432.182999538,11294.0,40020.0,1102.0,6600.0,16395.0,1.0,2100.0,,,,,,,,,,,1.0,70.0,47.0,1754.0,400.0,1.0,35.0,14880.0,20400.0,5520.0,80.0,
20130505,270.0,1301.42453169785,105.13010884285,464.0,20.147266429666000,70.96938853468770,24.921910196304500,1380.931244850190,57.954999999992000,25.66525533158300,8673.0,297.068000898,10659.0,36420.0,1806.0,7260.0,16034.0,0.0,0.0,,,,,,,,,,,1.0,50.0,,,,,,,,,,
20130506,308.0,1459.36862921705,80.23912940039,705.0,17.005341553698000,68.00402517554100,39.845382477536,1350.8349823947500,34.28155711411,53.04251742506000,7875.0,351.2880000432,8934.0,36540.0,1068.0,4140.0,13217.0,1.0,1800.0,,,,,,,,,,,2.0,120.0,32.0,1111.0,451.0,0.0,16.0,18780.0,25380.0,6600.0,97.0,
20130507,244.00000095393000,1338.71382904027,99.69157228461,339.6000061035,22.340000033378,72.70076306096400,32.14089578265360,1618.018074393300,50.840761871326000,18.2521002493721,6946.0,237.579000354,8451.0,41220.0,1404.0,6840.0,12757.0,0.0,0.0,,,,,,,,,,,2.0,120.0,76.0,709.0,380.0,0.0,65.0,13381.0,18374.0,4993.0,73.0,
20130508,267.0,1406.9895210273,105.936822919893,318.599998474,28.422290492068,60.83836582074300,31.521025254006000,1533.75124829939,45.41925665855100,48.37243984219100,11472.0,396.96199999200000,9975.0,37380.0,1713.0,4980.0,14875.0,1.0,3600.0,,,,,,,,,,,1.0,50.0,40.0,1662.0,459.0,1.0,29.0,18660.0,24360.0,5700.0,95.0,
20130509,277.0,1434.1513500212000,102.275100476782,311.40000343330000,24.284778830404000,66.46486696777,35.976834362344,1630.068209350240,38.730290840879,35.733283364938,5683.0,206.010000508,7077.0,39720.0,657.0,6660.0,10555.0,0.0,0.0,,,,,,,,,,,1.0,50.0,292.0,302.0,353.0,0.0,288.0,1140.0,3796.0,2656.0,11.0,
20130510,311.0,1425.10057234745,129.91323431611900,307.10000038150000,37.3899318322279,68.43602279778700,33.301941025826400,2285.8119765221900,44.402703946742,34.589748923727,11195.0,470.014573338,10932.0,36120.0,2594.0,5220.0,16325.0,1.0,2820.0,,,,,,,,,,,1.0,50.0,63.0,1302.0,446.0,1.0,51.0,14837.0,23059.0,8222.0,81.0,
20130511,647.0,1435.06021738057,100.40809779167,182.0,25.731344765420000,78.79575277443300,36.073263735115300,1746.563753128050,49.54699954032,23.1766055056822,11233.0,593.003000319,9090.0,38040.0,729.0,3600.0,13560.0,1.0,5400.0,,,,,,,,,,,1.0,50.0,91.0,2715.0,445.0,2.0,75.0,15960.0,19886.0,3926.0,80.0,
20130512,978.0,1347.5000095373000,83.75400197513,633.0,8.430000126364,127.588000118702,15.095500014720000,1058.6000040176000,50.981002043898600,24.8639000356,6395.0,227.242999762,7999.0,41040.0,1500.0,7380.0,11909.0,0.0,0.0,,,,,,,,,,,1.0,50.0,,,,,,,,,,
20130513,277.0,1406.2372446059000,97.04684525729,445.199999987921,13.973844742771,65.09754377597200,35.301691808549000,1026.8630447979200,45.728791080422000,42.662705375890000,11753.0,535.243999626,8938.0,37860.0,1041.0,7500.0,13168.0,1.0,5100.0,,,,,,,,,,,1.0,50.0,3.0,1386.0,392.0,1.0,1437.0,14520.0,22350.0,7830.0,83.0,
20130514,550.0,1490.51895666157,124.35903275245000,334.0,23.322501891843,71.364195699718,28.685909972459800,1104.352868229670,65.88733396295000,39.51872390819390,12020.0,503.926998971,13707.0,33360.0,1689.0,4140.0,20363.0,1.0,1980.0,,,,,,,,,,,1.0,50.0,129.0,1177.0,433.0,1.0,118.0,13380.0,17828.0,4448.0,69.0,
20130515,227.0,1388.07559394804,109.57457872509600,469.5,21.802725321054,64.797854841955,31.001161692460200,1475.993391424450,42.367639152406200,40.257957868244700,6494.0,229.332000641,8131.0,38640.0,1410.0,5760.0,12144.0,0.0,0.0,,,,,,,,,,,1.0,50.0,,,,,,,,,,
20130516,172.40000009537,1382.9072437284,130.964812904589,340.3800010681,25.702709215886000,58.6676108986,21.1355101943107,1456.871075644270,44.145580016064,48.3142077881823,9430.0,413.169999847,9946.0,39180.0,2690.0,6900.0,14736.0,1.0,1920.0,,,,,,,,,,,1.0,70.0,83.0,1322.0,416.0,0.0,71.0,11402.0,20101.0,8699.0,70.0,
20130517,301.0,1198.66659402857,103.52349016781100,268.5,26.334448766718000,52.789649549716,27.82650122813130,1569.188712820010,36.598797000938800,40.113706205274500,12676.0,698.837000175,7136.0,38460.0,973.0,5700.0,10683.0,1.0,7200.0,,,,,,,,,,,1.0,50.0,66.0,1449.0,440.0,0.0,55.0,11118.0,22533.0,11415.0,74.0,
20130518,439.25716686240000,1244.1714363101,123.87371456624000,285.500007629,13.182857394215000,59.32971546053,17.3566286088847,1682.100013733,35.5604289621178,22.765900218848900,10125.0,430.465539988,10901.0,33360.0,1325.0,4680.0,16289.0,1.0,1920.0,,,,,,,,,,,1.0,50.0,97.0,712.0,516.0,0.0,91.0,15360.0,24866.0,9506.0,88.0,
20130519,247.0,1177.20001506827,69.112003433737,656.5,13.409999966620000,77.26900053025400,22.5503000728869,958.25000429207,33.45200027707,39.956000417467000,8207.0,269.617000168,9465.0,37560.0,2376.0,8940.0,14585.0,0.0,0.0,,,,,,,,,,,1.0,50.0,80.0,1726.0,454.0,0.0,69.0,15601.0,22381.0,6780.0,83.0,
20130520,349.6666707997,1449.1122798914,138.23565440649100,362.0,25.707497990135,66.976320402631,26.663417382306100,1288.0056663748900,43.5635000366,46.101574057488000,13919.0,673.9049987440000,9743.0,34560.0,1023.0,4080.0,14465.0,2.0,7200.0,,,,,,,,,,,1.0,60.0,82.0,2018.0,455.0,0.0,65.0,17280.0,22429.0,5149.0,88.0,
20130521,312.55555558205000,1261.5622806556700,112.583986394112,143.53333282470000,27.147497844701,65.323876276587,29.7932844946179,930.49732172501,35.627499878401,32.88329574913230,7969.0,282.194999853,10130.0,35220.0,1613.0,6480.0,14990.0,0.0,0.0,,,,,,,,,,,1.0,50.0,61.0,991.0,435.0,0.0,45.0,11977.0,22477.0,10500.0,76.0,
20130522,141.8571424484,1215.8299560547,88.90415501591,158.2000007629,23.662566244599,53.99644637107600,35.897086885981,1264.4867224098000,25.382428467224000,37.82206347292,7205.0,346.20899951400000,7418.0,39480.0,879.0,9000.0,11097.0,2.0,2100.0,,,,,,,,,,,1.0,50.0,80.0,2588.0,504.0,1.0,69.0,15847.0,23560.0,7713.0,84.0,
20130523,200.0,1453.0395171040000,118.42189137638800,191.099999905,29.542738080027,64.373664252376,35.283599328862000,2256.359422388030,38.050496191744,47.234877236138,6575.0,229.020000203,8265.0,40080.0,1492.0,7020.0,12308.0,0.0,0.0,,,,,,,,,,,1.0,50.0,88.0,2214.0,432.0,1.0,72.0,11346.0,20286.0,8940.0,71.0,
20130524,193.0000019073,1559.9182834622,139.409702062619,72.70000195498,37.826723843818,67.70714569094100,22.081975758077400,833.786155670829,41.37283320727,46.0813903138078,10388.0,364.595999597,9006.0,40680.0,1362.0,7500.0,13307.0,1.0,3600.0,,,,,,,,,,,1.0,50.0,125.0,1027.0,419.0,0.0,114.0,9618.0,18138.0,8520.0,60.0,
20130525,240.0,1100.3749942779,93.46899992942,145.0,21.045000016693000,50.213000168193,22.480000206712,1823.475006104,52.591999867402,37.964199893920000,11628.0,663.747999875,6765.0,34920.0,723.0,4080.0,10022.0,1.0,7200.0,,,,,,,,,,,1.0,50.0,123.0,2876.0,581.0,1.0,111.0,15549.0,26949.0,11400.0,90.0,
20130526,216.0,1401.9200019844000,82.623000144927,781.200012207,23.115000443457,77.137998461631,34.2557002953519,1931.3799954226,39.972999839185,52.708401075018,15308.0,814.0829999090000,12959.0,28920.0,2218.0,2880.0,19373.0,1.0,6000.0,,,,,,,,,,,1.0,50.0,153.0,334.0,454.0,0.0,149.0,9900.0,18020.0,8120.0,61.0,
20130527,248.0,860.4800007346,89.32566952707300,66.5,14.507500097147000,33.665166601514,19.351300185547,1898.8250123223700,50.08716828377500,19.950800591158,14959.0,850.658000753,9406.0,36660.0,2082.0,3900.0,14141.0,2.0,7800.0,,,,,,,,,,,1.0,50.0,77.0,759.0,605.0,0.0,65.0,23280.0,31889.0,8609.0,100.0,
20130528,370.0,1593.4538891315800,170.89958101514,323.4000015259,32.094782054425000,82.633799850931,27.048593884329000,3137.85881301779,37.3979997001697,36.639997535389900,14327.0,808.540999726,11761.0,29640.0,2068.0,4620.0,17280.0,1.0,6300.0,,,,,,,,,,,1.0,50.0,60.0,3499.0,514.0,4.0,49.0,13282.0,24433.0,11151.0,78.0,
20130529,440.0,1391.0205685392000,95.98188102799700,585.200012207,23.026448142631,100.73280073995500,26.010293898353900,1139.5838175716500,38.787999928031,39.176228216823,6625.0,234.702999737,8441.0,40440.0,991.0,7080.0,12535.0,0.0,0.0,,,,,,,,,,,1.0,50.0,117.0,702.0,466.0,0.0,106.0,11880.0,21439.0,9559.0,72.0,
20130530,1244.0000629423,1204.520576168,104.82088167507,434.5,23.79644852887,53.95279913906,25.455593964331,1705.1338153782200,35.4939999702617,44.85422851934,12399.0,437.270999337,11328.0,37200.0,2062.0,5160.0,16711.0,1.0,3600.0,,,,,,,,,,,1.0,50.0,23.0,1234.0,357.0,0.0,12.0,11040.0,20100.0,9060.0,72.0,
20130531,1519.0,767.8705593835,98.70188104706,25.0,13.231447887531,28.083798676729,13.49599371296,473.38379868865,41.879999976162,17.30792737134,11249.0,475.18999996500000,12854.0,36480.0,1676.0,9120.0,18936.0,1.0,2100.0,,,,,,,,,,,1.0,50.0,23.0,1868.0,382.0,1.0,12.0,13036.0,21136.0,8100.0,77.0,
20130601,200.0,514.9999923706,40.78999976158,6.0,2.300000011921,11.93000000596,15.293000011921,443.0,13.53999985695,17.21199976158,14780.0,914.973000018,5795.0,37560.0,833.0,10920.0,8636.0,2.0,11100.0,,,,,,,,,,,1.0,50.0,1338.0,1371.0,1367.0,0.0,1327.0,1080.0,1740.0,660.0,6.0,
20130602,84.0,1290.1640125999000,76.63579333377,94.0,23.742013692961,50.193581777806,32.40455961229,860.9997991025500,31.080739259716,47.67484011703,7545.0,262.699999174,9454.0,38820.0,1721.0,10380.0,14123.0,0.0,0.0,,,,,,,,,,,1.0,50.0,,,,,,,,,,
20130603,0.0,0.0,0.0,0.0,0.0,0.0,0.0,0.0,0.0,0.0,8549.0,356.382998554,10321.0,38040.0,2317.0,9600.0,14982.0,1.0,720.0,,,,,,,,,,,,,,,,,,,,,,
20130604,0.0,0.0,0.0,0.0,0.0,0.0,0.0,0.0,0.0,0.0,4904.0,168.533001076,5987.0,40500.0,800.0,6240.0,9027.0,0.0,0.0,,,,,,,,,,,,,,,,,,,,,,
20130605,638.800018311,922.4444371001000,107.505945397154,30.59999990463,23.228650093186,34.604628002672000,15.275920465947,857.0492105483000,51.650661632453000,24.63193338592,9252.0,337.380999398,7462.0,40020.0,921.0,9060.0,11069.0,1.0,3600.0,,,,,,,,,,,1.0,50.0,44.0,1244.0,448.0,1.0,28.0,14315.0,24093.0,9778.0,84.0,
20130606,,,,,,,,,,,6341.0,239.039000131,8546.0,39000.0,1656.0,5400.0,12340.0,0.0,0.0,,,,,,,,,,,,,,,,,,,,,,
20130607,,,,,,,,,,,44749.0,258.930000968,9290.0,36660.0,1357.0,6420.0,13954.0,1.0,43229.0,,,,,,,,,,,,,,,,,,,,,,
20130608,,,,,,,,,,,4715.0,161.623000376,5678.0,41040.0,611.0,9540.0,8603.0,0.0,0.0,,,,,,,,,,,,,124.0,8086.0,573.0,3.0,113.0,11999.0,19620.0,7621.0,68.0,
20130609,,,,,,,,,,,5209.0,186.178000242,6583.0,40560.0,1115.0,10080.0,9793.0,0.0,0.0,,,,,,,,,,,,,,,,,,,,,,
20130610,,,,,,,,,,,6694.0,243.809998777,8759.0,39480.0,705.0,8460.0,12830.0,0.0,0.0,,,,,,,,,,,,,,,,,,,,,,
20130611,,,,,,,,,,,5810.0,207.036999941,7390.0,41520.0,1278.0,8100.0,10920.0,0.0,0.0,,,,,,,,,,,,,,,,,,,,,,
20130612,,,,,,,,,,,8349.0,288.970001427,10207.0,33300.0,1321.0,3120.0,15399.0,0.0,0.0,,,,,,,,,,,,,,,,,,,,,,
20130613,,,,,,,,,,,4777.0,162.074999943,5802.0,34800.0,702.0,8760.0,8748.0,0.0,0.0,,,,,,,,,,,,,,,,,,,,,,
20130614,,,,,,,,,,,4122.0,145.227999836,5074.0,38100.0,770.0,10320.0,7628.0,0.0,0.0,,,,,,,,,,,,,,,,,,,,,,
20130615,,,,,,,,,,,5418.0,177.124001056,6167.0,41820.0,1419.0,7500.0,9528.0,0.0,0.0,,,,,,,,,,,,,219.0,1409.0,623.0,1.0,208.0,14595.0,23655.0,9060.0,78.0,
20130616,,,,,,,,,,,101.0,3.32399994135,114.0,0.0,76.0,0.0,178.0,0.0,0.0,,,,,,,,,,,,,,,,,,,,,,
20130617,,,,,,,,,,,6311.0,229.932999402,8202.0,39960.0,698.0,8880.0,12074.0,0.0,0.0,,,,,,,,,,,,,,,,,,,,,,
20130618,,,,,,,,,,,6214.0,227.048000256,8019.0,37380.0,1257.0,9180.0,11807.0,0.0,0.0,,,,,,,,,,,,,,,,,,,,,,
20130619,,,,,,,,,,,5109.0,177.242999924,6299.0,40800.0,1110.0,7560.0,9458.0,0.0,0.0,,,,,,,,,,,,,102.0,966.0,446.0,0.0,86.0,15780.0,20816.0,5036.0,81.0,
20130620,,,,,,,,,,,7260.0,260.347998571,9447.0,35820.0,1223.0,6660.0,13884.0,0.0,0.0,,,,,,,,,,,1.0,50.0,,,,,,,,,,
20130621,,,,,,,,,,,10402.0,503.5940006,9632.0,32880.0,875.0,3360.0,14342.0,2.0,3900.0,,,,,,,,,,,1.0,70.0,147.0,2160.0,461.0,1.0,126.0,14844.0,18504.0,3660.0,73.0,
20130622,,,,,,,,,,,7302.0,264.604998991,9384.0,36360.0,1159.0,6900.0,13811.0,0.0,0.0,,,,,,,,,,,,,,,,,,,,,,
20130623,,,,,,,,,,,3585.0,129.756999785,4625.0,42000.0,962.0,10560.0,6814.0,0.0,0.0,,,,,,,,,,,,,,,,,,,,,,
20130624,,,,,,,,,,,9646.0,499.17699989100000,6912.0,36540.0,1352.0,3900.0,10152.0,2.0,4800.0,,,,,,,,,,,1.0,50.0,,,,,,,,,,
20130625,,,,,,,,,,,6663.0,239.06399928,8420.0,37200.0,1815.0,6360.0,12516.0,0.0,0.0,,,,,,,,,,,,,128.0,1618.0,457.0,0.0,112.0,10080.0,19800.0,9720.0,65.0,
20130626,213.0,323.0,26.0,42.0,13.0,20.0,3.0,1144.0,5.0,15.0,7817.0,288.564998841,10311.0,34980.0,1286.0,3180.0,15062.0,0.0,0.0,,,,,,,,,,,1.0,50.0,,,,,,,,,,
20130627,,,,,,,,,,,5825.0,209.01799893,7576.0,40560.0,1086.0,6000.0,11123.0,0.0,0.0,,,,,,,,,,,,,,,,,,,,,,
20130628,78.0,177.0,15.0,80.0,6.0,16.0,1.0,917.0,4.0,5.0,7026.0,253.803000327,9038.0,39720.0,2161.0,6720.0,13332.0,0.0,0.0,449.0,1432.0,458.0,0.0,438.0,540.0,540.0,0.0,1.0,,1.0,50.0,,,,,,,,,,
20130629,0.0,0.0,0.0,0.0,0.0,0.0,0.0,0.0,0.0,0.0,12235.0,686.1340007890000,6781.0,40680.0,709.0,6480.0,10136.0,1.0,7200.0,,,,,,,,,,,,,115.0,1393.0,569.0,1.0,109.0,14820.0,26940.0,12120.0,88.0,
20130630,78.0,458.0292682648,44.623220682145,65.0,8.509854631423,22.105865865946,11.353079276088,445.085865812302,20.28250004917,10.186731725935000,11626.0,606.287998771,8692.0,38580.0,1254.0,5820.0,12831.0,1.0,5400.0,,,,,,,,,,,1.0,50.0,,,,,,,,,,
20130701,0.0,0.0,0.0,0.0,0.0,0.0,0.0,0.0,0.0,0.0,6317.0,217.790999383,7910.0,35340.0,937.0,4260.0,11813.0,0.0,0.0,,,,,,,,,,,1.0,50.0,,,,,,,,,,
20130702,152.0,253.0,16.0,75.0,6.0,29.0,3.0,477.0,5.0,5.0,6414.0,232.038999498,8342.0,33840.0,927.0,3960.0,12256.0,0.0,0.0,,,,,,,,,,,,,122.0,2842.0,470.0,0.0,90.0,7980.0,21000.0,13020.0,63.0,
20130703,213.0,323.0,26.0,42.0,13.0,20.0,3.0,1144.0,5.0,15.0,6330.0,220.657999989,7922.0,31860.0,605.0,4320.0,11821.0,0.0,0.0,,,,,,,,,,,,,307.0,710.0,511.0,0.0,296.0,5280.0,12291.0,7011.0,35.0,
20130704,,,,,,,,,,,5102.0,174.033000199,6334.0,37440.0,829.0,4200.0,9484.0,0.0,0.0,,,,,,,,,,,,,106.0,2669.0,560.0,1.0,95.0,14101.0,25542.0,11441.0,87.0,
20130705,60.0,220.0,9.0,65.0,2.0,19.0,5.0,400.0,4.0,6.0,6090.0,221.148999257,7941.0,38940.0,1284.0,8160.0,11635.0,0.0,0.0,,,,,,,,,,,,,177.0,6366.0,505.0,2.0,85.0,14429.0,18862.0,4433.0,69.0,
20130706,,,,,,,,,,,163.0,6.01000005007,214.0,50160.0,47.0,48780.0,316.0,0.0,0.0,,,,,,,,,,,,,97.0,2528.0,656.0,2.0,76.0,25861.0,32397.0,6536.0,100.0,
20130707,,,,,,,,,,,5917.0,208.154000804,7456.0,33900.0,1610.0,4020.0,11108.0,0.0,0.0,,,,,,,,,,,,,113.0,2336.0,482.0,0.0,87.0,11580.0,22021.0,10441.0,73.0,
20130708,,,,,,,,,,,16867.0,800.7869109130000,10432.0,35880.0,1256.0,2820.0,15279.0,3.0,10200.0,,,,,,,,,,,,,,,,,,,,,,
20130709,120.0,558.0,29.38,235.0,17.0,21.26,8.544,701.0,5.38,30.578,6140.0,223.608999951,7949.0,38640.0,1014.0,4440.0,11728.0,0.0,0.0,,,,,,,,,,,1.0,50.0,,,,,,,,,,
20130710,450.0,130.0,17.0,7.0,0.0,15.0,0.0,165.0,11.0,0.0,7906.0,275.32299995,9959.0,31140.0,1636.0,3480.0,14825.0,0.0,0.0,,,,,,,,,,,,,95.0,2080.0,484.0,1.0,74.0,14841.0,22761.0,7920.0,82.0,
20130711,137.0,324.5000057222,42.869001209677,59.0,6.170000314711000,20.11100002937,0.9962000213558000,618.899998307272,21.464000284643,8.2759002000105,5568.0,196.087999685,7084.0,37200.0,717.0,6120.0,10520.0,0.0,0.0,,,,,,,,,,,1.0,50.0,290.0,1109.0,421.0,0.0,286.0,4201.0,7866.0,3665.0,25.0,
20130712,112.0,382.4759006505,18.119081139569000,249.0,6.336782008411,26.257798807592,9.0018437845,927.450000286222,5.390500013827,13.177497590037,7075.0,248.739000088,9095.0,37680.0,2257.0,7320.0,13429.0,0.0,0.0,,,,,,,,,,,1.0,50.0,,,,,,,,,,
20130713,,,,,,,,,,,8412.0,387.330000144,9230.0,36540.0,2198.0,9000.0,13785.0,1.0,1200.0,,,,,,,,,,,1.0,50.0,,,,,,,,,,
20130714,474.0,251.0,34.0,7.0,8.0,18.0,4.0,168.0,19.0,1.0,5776.0,201.858000545,7275.0,35100.0,1952.0,4980.0,10825.0,0.0,0.0,,,,,,,,,,,,,95.0,2014.0,554.0,1.0,79.0,15360.0,27051.0,11691.0,90.0,
20130715,,,,,,,,,,,7771.0,273.056999706,9865.0,31500.0,1440.0,3840.0,14637.0,0.0,0.0,,,,,,,,,,,,,108.0,3088.0,477.0,1.0,82.0,10883.0,20903.0,10020.0,68.0,
20130716,0.0,0.0,0.0,0.0,0.0,0.0,0.0,0.0,0.0,0.0,9419.0,374.729998169,8579.0,41040.0,1050.0,6540.0,12518.0,2.0,3900.0,,,,,,,,,,,,,,,,,,,,,,
20130717,,,,,,,,,,,12529.0,552.691022816,9813.0,37500.0,1459.0,9540.0,14460.0,3.0,6000.0,,,,,,,,,,,,,86.0,1133.0,440.0,1.0,75.0,11641.0,20879.0,9238.0,72.0,
20130718,,,,,,,,,,,13745.0,712.062999278,11422.0,32940.0,1892.0,5160.0,16853.0,1.0,6300.0,,,,,,,,,,,1.0,50.0,51.0,1205.0,440.0,0.0,35.0,13260.0,23524.0,10264.0,81.0,
20130719,,,,,,,,,,,12990.0,736.783557575,8276.0,39120.0,1141.0,7920.0,12343.0,2.0,7800.0,,,,,,,,,,,,,115.0,2322.0,453.0,1.0,98.0,15973.0,19939.0,3966.0,78.0,
20130720,,,,,,,,,,,18544.0,1246.889275855,7188.0,33060.0,834.0,6180.0,10827.0,2.0,14400.0,,,,,,,,,,,1.0,50.0,137.0,3471.0,555.0,1.0,85.0,13080.0,24901.0,11821.0,81.0,
20130721,,,,,,,,,,,9813.0,561.842999719,6600.0,35040.0,1043.0,11940.0,9821.0,1.0,6000.0,,,,,,,,,,,1.0,50.0,116.0,1468.0,495.0,1.0,110.0,15109.0,22369.0,7260.0,81.0,
20130722,,,,,,,,,,,9460.0,377.5140003546,11076.0,32580.0,820.0,5580.0,16347.0,1.0,1200.0,,,,,,,,,,,1.0,50.0,56.0,1221.0,445.0,0.0,45.0,8880.0,23400.0,14520.0,72.0,
20130723,,,,,,,,,,,4105.0,141.664000753,5125.0,40080.0,778.0,4920.0,7667.0,0.0,0.0,,,,,,,,,,,,,,,,,,,,,,
20130724,,,,,,,,,,,6402.0,274.0769996174,7957.0,41580.0,1027.0,7260.0,11621.0,1.0,1200.0,,,,,,,,,,,,,,,,,,,,,,
20130725,,,,,,,,,,,8011.0,265.3380003159,7518.0,40320.0,961.0,5940.0,11215.0,1.0,2100.0,,,,,,,,,,,1.0,50.0,108.0,1312.0,427.0,1.0,92.0,10380.0,18961.0,8581.0,65.0,
20130726,,,,,,,,,,,4315.0,149.48500035,5271.0,39780.0,663.0,3420.0,7939.0,0.0,0.0,,,,,,,,,,,,,67.0,995.0,416.0,0.0,56.0,13928.0,21448.0,7520.0,79.0,
20130727,,,,,,,,,,,7017.0,246.93700081100000,8757.0,38760.0,1044.0,10920.0,13051.0,0.0,0.0,,,,,,,,,,,,,61.0,735.0,462.0,1.0,57.0,15339.0,23679.0,8340.0,86.0,
20130728,,,,,,,,,,,1482.0,50.8929998968,1908.0,45180.0,336.0,5880.0,2821.0,0.0,0.0,,,,,,,,,,,,,123.0,1092.0,501.0,0.0,106.0,15480.0,22800.0,7320.0,82.0,
20130729,,,,,,,,,,,6063.0,216.25899970200000,7745.0,38520.0,1046.0,8040.0,11471.0,0.0,0.0,,,,,,,,,,,1.0,50.0,10.0,4165.0,454.0,1.0,1434.0,17028.0,24048.0,7020.0,93.0,
20130730,,,,,,,,,,,12731.0,715.8120000040000,8314.0,37860.0,1062.0,10200.0,12234.0,1.0,7200.0,,,,,,,,,,,,,,,,,,,,,,
20130731,,,,,,,,,,,13521.0,712.1589995000000,9547.0,35460.0,1673.0,3660.0,14189.0,1.0,6600.0,,,,,,,,,,,,,32.0,2442.0,441.0,1.0,21.0,12768.0,22959.0,10191.0,77.0,
20130801,,,,,,,,,,,11462.0,585.89100003,9245.0,34200.0,1232.0,6120.0,13756.0,1.0,5100.0,,,,,,,,,,,,,116.0,2962.0,427.0,0.0,67.0,12967.0,18667.0,5700.0,71.0,
20130802,,,,,,,,,,,14768.0,927.4280002210000,8391.0,33420.0,1245.0,3780.0,12296.0,2.0,8700.0,,,,,,,,,,,,,71.0,1315.0,500.0,1.0,55.0,12307.0,25508.0,13201.0,83.0,
20130803,,,,,,,,,,,13994.0,823.2189995870000,8595.0,33000.0,1261.0,9180.0,12776.0,3.0,9300.0,,,,,,,,,,,1.0,50.0,82.0,730.0,521.0,0.0,71.0,14880.0,26312.0,11432.0,89.0,
20130804,,,,,,,,,,,15650.0,1058.9740006290000,8928.0,32460.0,783.0,3900.0,13355.0,3.0,11040.0,1168.0,1311.0,1197.0,0.0,1147.0,1905.0,1905.0,0.0,5.0,,1.0,40.0,59.0,1999.0,476.0,1.0,36.0,14340.0,24404.0,10064.0,85.0,
20130805,,,,,,,,,,,9146.0,377.6329994631,11162.0,36780.0,1347.0,6720.0,16456.0,1.0,1200.0,,,,,,,,,,,1.0,40.0,36.0,1825.0,465.0,1.0,25.0,19861.0,24766.0,4905.0,100.0,
20130806,,,,,,,,,,,7850.0,370.771999441,7777.0,39300.0,1043.0,4980.0,11459.0,2.0,2520.0,,,,,,,,,,,1.0,50.0,78.0,1440.0,452.0,1.0,67.0,15606.0,22265.0,6659.0,83.0,
20130807,,,,,,,,,,,10264.0,362.57900010000000,8545.0,39900.0,2175.0,6540.0,12681.0,1.0,3600.0,,,,,,,,,,,1.0,50.0,,,,,,,,,,
20130808,,,,,,,,,,,8160.0,280.859001098,10086.0,38640.0,1841.0,8280.0,15145.0,0.0,0.0,,,,,,,,,,,,,97.0,2193.0,466.0,1.0,76.0,11829.0,21909.0,10080.0,73.0,
20130809,,,,,,,,,,,6543.0,228.746000018,8183.0,40140.0,745.0,5280.0,12213.0,0.0,0.0,,,,,,,,,,,,,56.0,2647.0,420.0,2.0,40.0,14446.0,20560.0,6114.0,75.0,
20130810,,,,,,,,,,,9022.0,445.083000492,7377.0,37740.0,1224.0,5940.0,11008.0,1.0,3600.0,,,,,,,,,,,1.0,50.0,44.0,1265.0,473.0,0.0,23.0,15243.0,25799.0,10556.0,92.0,
20130811,,,,,,,,,,,35157.0,186.023998912,6835.0,40380.0,1374.0,7080.0,10022.0,1.0,29951.0,,,,,,,,,,,,,,,,,,,,,,
20130812,,,,,,,,,,,8812.0,399.68599998800000,10003.0,36540.0,1855.0,4560.0,14776.0,1.0,1800.0,,,,,,,,,,,,,70.0,771.0,454.0,0.0,59.0,10680.0,22970.0,12290.0,74.0,
20130813,,,,,,,,,,,7101.0,302.440999968,7259.0,42000.0,919.0,8220.0,10819.0,2.0,1320.0,,,,,,,,,,,1.0,50.0,71.0,731.0,415.0,0.0,60.0,12481.0,20661.0,8180.0,74.0,
20130814,,,,,,,,,,,7529.0,266.372000581,9422.0,38580.0,2120.0,7620.0,14062.0,0.0,0.0,,,,,,,,,,,1.0,50.0,61.0,2604.0,395.0,2.0,40.0,11818.0,19197.0,7379.0,68.0,
20130815,,,,,,,,,,,8192.0,341.7600015472,9328.0,36180.0,1029.0,5940.0,13816.0,1.0,1200.0,,,,,,,,,,,1.0,50.0,66.0,1255.0,460.0,1.0,50.0,14429.0,23357.0,8928.0,84.0,
20130816,,,,,,,,,,,9831.0,408.6099995974,11390.0,38280.0,1510.0,4320.0,16694.0,1.0,1200.0,,,,,,,,,,,1.0,50.0,114.0,1364.0,413.0,1.0,98.0,11879.0,17649.0,5770.0,66.0,
20130817,,,,,,,,,,,6172.0,215.008999065,7694.0,38760.0,1224.0,6240.0,11511.0,0.0,0.0,,,,,,,,,,,,,25.0,2767.0,494.0,3.0,14.0,17585.0,26254.0,8669.0,95.0,
20130818,,,,,,,,,,,8175.0,368.862999141,8346.0,40860.0,1777.0,6060.0,12298.0,2.0,1687.0,,,,,,,,,,,1.0,50.0,53.0,1146.0,544.0,1.0,49.0,18541.0,28740.0,10199.0,100.0,
20130819,,,,,,,,,,,10386.0,372.58799935170000,12822.0,37800.0,2047.0,9120.0,19042.0,1.0,1200.0,,,,,,,,,,,1.0,50.0,87.0,2002.0,450.0,0.0,65.0,12332.0,21692.0,9360.0,75.0,
20130820,,,,,,,,,,,11586.0,614.402999148,9558.0,36480.0,1456.0,3960.0,14258.0,1.0,5700.0,,,,,,,,,,,1.0,50.0,125.0,1320.0,463.0,0.0,103.0,14280.0,20372.0,6092.0,76.0,
20130821,,,,,,,,,,,9762.0,342.614997966,12324.0,37980.0,1567.0,7560.0,18327.0,0.0,0.0,,,,,,,,,,,1.0,50.0,98.0,1803.0,457.0,1.0,82.0,12120.0,20820.0,8700.0,74.0,
20130822,,,,,,,,,,,9561.0,326.501000633,11799.0,36660.0,1456.0,6300.0,17717.0,0.0,0.0,,,,,,,,,,,1.0,50.0,24.0,1209.0,413.0,1.0,18.0,16741.0,22621.0,5880.0,89.0,0.0
20130823,,,,,,,,,,,8615.0,294.505000351,10577.0,38700.0,1797.0,6420.0,15915.0,0.0,0.0,,,,,,,,,,,1.0,50.0,82.0,1017.0,438.0,1.0,78.0,11748.0,20815.0,9067.0,71.0,0.0
20130824,,,,,,,,,,,10518.0,529.36999982,10754.0,35760.0,1740.0,8460.0,15434.0,1.0,3600.0,,,,,,,,,,,1.0,50.0,63.0,1458.0,487.0,1.0,52.0,16879.0,24770.0,7891.0,92.0,0.0
20130825,,,,,,,,,,,11995.0,447.97999873800000,9444.0,35820.0,1963.0,7320.0,13833.0,1.0,4800.0,,,,,,,,,,,,,,,,,,,,,,
20130826,,,,,,,,,,,10006.0,478.68199969400000,9333.0,39360.0,2308.0,7260.0,13580.0,1.0,3600.0,,,,,,,,,,,,,81.0,396.0,455.0,0.0,75.0,10551.0,22551.0,12000.0,73.0,0.0
20130827,,,,,,,,,,,5994.0,213.023000577,7531.0,41640.0,1124.0,8040.0,11226.0,0.0,0.0,,,,,,,,,,,2.0,90.0,82.0,1260.0,408.0,2.0,78.0,9659.0,18690.0,9031.0,63.0,0.0
20130828,,,,,,,,,,,11809.0,606.557999245,8906.0,37380.0,1085.0,5160.0,13215.0,1.0,5280.0,,,,,,,,,,,,,,,,,,,,,,
20130829,,,,,,,,,,,9855.0,463.445000559,9011.0,40080.0,1511.0,10740.0,13280.0,1.0,3600.0,,,,,,,,,,,,,76.0,970.0,415.0,1.0,65.0,11246.0,20246.0,9000.0,67.0,0.0
20130830,,,,,,,,,,,8314.0,297.145998448,10605.0,38460.0,1063.0,8820.0,15698.0,0.0,0.0,,,,,,,,,,,,,,,,,,,,,,
20130831,,,,,,,,,,,13035.0,869.860000787,7983.0,37320.0,718.0,15960.0,11121.0,2.0,9000.0,,,,,,,,,,,,,,,,,,,,,,
20130901,,,,,,,,,,,13685.0,887.629001109,9598.0,34380.0,1613.0,7560.0,14440.0,1.0,7200.0,,,,,,,,,,,1.0,50.0,123.0,3024.0,492.0,1.0,112.0,11587.0,19841.0,8254.0,68.0,0.0
20130902,,,,,,,,,,,5419.0,186.327000543,6652.0,41040.0,951.0,4920.0,10009.0,0.0,0.0,,,,,,,,,,,1.0,50.0,130.0,6531.0,539.0,2.0,109.0,11317.0,21337.0,10020.0,69.0,0.0
20130903,,,,,,,,,,,13424.0,732.1959994050000,10995.0,36180.0,2607.0,5040.0,16355.0,1.0,5400.0,,,,,,,,,,,,,9.0,2202.0,448.0,1.0,3.0,13690.0,25150.0,11460.0,86.0,0.0
20130904,,,,,,,,,,,6554.0,232.668998597,8271.0,41220.0,1367.0,7140.0,12311.0,0.0,0.0,,,,,,,,,,,1.0,50.0,100.0,1010.0,459.0,0.0,84.0,12180.0,21945.0,9765.0,74.0,0.0
20130905,,,,,,,,,,,6349.0,223.534000037,8037.0,37920.0,1353.0,9720.0,11945.0,0.0,0.0,,,,,,,,,,,,,74.0,1724.0,417.0,1.0,57.0,12360.0,20018.0,7658.0,71.0,0.0
20130906,,,,,,,,,,,14066.0,456.407000277,15943.0,14940.0,2257.0,4440.0,24681.0,0.0,0.0,,,,,,,,,,,,,,,,,,,,,,
20130907,,,,,,,,,,,10927.0,364.881999966,13133.0,28260.0,1585.0,4140.0,19891.0,0.0,0.0,,,,,,,,,,,1.0,50.0,,,,,,,,,,
20130908,,,,,,,,,,,7288.0,243.684000954,8779.0,35640.0,1982.0,8760.0,13278.0,0.0,0.0,,,,,,,,,,,,,104.0,1712.0,548.0,1.0,98.0,14579.0,25439.0,10860.0,83.0,0.0
20130909,,,,,,,,,,,9411.0,338.882999957,12050.0,32940.0,2113.0,4380.0,17834.0,0.0,0.0,,,,,,,,,,,1.0,50.0,23.0,5313.0,512.0,2.0,1417.0,14719.0,27139.0,12420.0,90.0,0.0
20130910,,,,,,,,,,,19001.0,674.095997619,24313.0,25260.0,5256.0,8880.0,35939.0,0.0,0.0,,,,,,,,,,,,,88.0,5466.0,322.0,0.0,1437.0,14280.0,14280.0,0.0,65.0,0.0
20130911,,,,,,,,,,,12168.0,419.125001146,14971.0,30540.0,2593.0,7620.0,22480.0,0.0,0.0,,,,,,,,,,,1.0,50.0,143.0,3213.0,657.0,1.0,107.0,15909.0,29952.0,14043.0,97.0,0.0
20130912,,,,,,,,,,,9434.0,319.124998188,11421.0,29100.0,2019.0,7440.0,17223.0,0.0,0.0,1233.0,3227.0,1317.0,1.0,1227.0,1260.0,3900.0,2640.0,9.0,0.0,,,136.0,987.0,420.0,0.0,120.0,9481.0,17289.0,7808.0,58.0,0.0
20130913,,,,,,,,,,,1009.0,38.0439996123,1364.0,0.0,843.0,0.0,1979.0,0.0,0.0,,,,,,,,,,,,,,,,,,,,,,
20130914,,,,,,,,,,,14414.0,489.977998704,17412.0,27900.0,2780.0,5040.0,26276.0,0.0,0.0,,,,,,,,,,,,,,,,,,,,,,
20130915,,,,,,,,,,,8248.0,270.466000445,9660.0,33360.0,1278.0,9000.0,14784.0,0.0,0.0,,,,,,,,,,,1.0,50.0,104.0,1361.0,677.0,1.0,92.0,20435.0,34175.0,13740.0,100.0,0.0
20130916,,,,,,,,,,,10696.0,377.586999368,13425.0,35760.0,2033.0,9120.0,20015.0,0.0,0.0,,,,,,,,,,,,,71.0,2163.0,240.0,0.0,55.0,7200.0,10560.0,3360.0,39.0,0.0
20130917,,,,,,,,,,,5659.0,191.157000093,6897.0,40260.0,965.0,16440.0,10386.0,0.0,0.0,876.0,16987.0,1035.0,1.0,665.0,1260.0,7860.0,6600.0,18.0,0.0,,,84.0,1012.0,403.0,1.0,78.0,9780.0,18686.0,8906.0,64.0,0.0
20130918,,,,,,,,,,,6144.0,232.675999751,8168.0,19260.0,1674.0,8280.0,11865.0,0.0,0.0,,,,,,,,,,,1.0,50.0,429.0,1898.0,763.0,2.0,418.0,14309.0,18906.0,4597.0,62.0,0.0
20130919,,,,,,,,,,,6999.0,255.621999025,9187.0,39000.0,743.0,6780.0,13449.0,0.0,0.0,,,,,,,,,,,,,41.0,1902.0,345.0,1.0,30.0,10500.0,17026.0,6526.0,61.0,0.0
20130920,,,,,,,,,,,8421.0,285.954000503,10076.0,37920.0,1137.0,7200.0,15301.0,0.0,0.0,,,,,,,,,,,,,75.0,755.0,369.0,0.0,64.0,11581.0,17820.0,6239.0,66.0,0.0
20130921,,,,,,,,,,,7629.0,281.037000572,9726.0,36540.0,4076.0,10320.0,14323.0,0.0,0.0,,,,,,,,,,,,,40.0,1443.0,434.0,1.0,29.0,14880.0,23308.0,8428.0,86.0,0.0
20130922,,,,,,,,,,,7498.0,254.406000223,8934.0,29160.0,1022.0,5520.0,13579.0,0.0,0.0,,,,,,,,,,,,,,,,,,,,,,
20130923,,,,,,,,,,,7397.0,260.425000457,9262.0,38520.0,830.0,6180.0,13801.0,0.0,0.0,,,,,,,,,,,,,51.0,1329.0,460.0,0.0,35.0,12780.0,24600.0,11820.0,85.0,0.0
20130924,,,,,,,,,,,32330.0,275.305999067,9973.0,35760.0,1109.0,6540.0,14818.0,1.0,24548.0,,,,,,,,,,,,,,,,,,,,,,
20130925,,,,,,,,,,,9499.0,347.827999081,12421.0,35460.0,1530.0,5160.0,18175.0,0.0,0.0,,,,,,,,,,,,,53.0,765.0,422.0,0.0,42.0,12780.0,22089.0,9309.0,78.0,0.0
20130926,,,,,,,,,,,8012.0,279.042001611,9796.0,38520.0,2122.0,5700.0,14782.0,0.0,0.0,,,,,,,,,,,,,,,,,,,,,,
20130927,,,,,,,,,,,7612.0,264.952000078,9607.0,39780.0,1099.0,6540.0,14288.0,0.0,0.0,,,,,,,,,,,,,,,,,,,,,,
20130928,,,,,,,,,,,5902.0,216.148998007,7663.0,39060.0,1046.0,4440.0,11272.0,0.0,0.0,,,,,,,,,,,,,,,,,,,,,,
20130929,,,,,,,,,,,15057.0,909.783000525,8246.0,33900.0,1210.0,5700.0,12394.0,1.0,10800.0,,,,,,,,,,,,,,,,,,,,,,
20130930,,,,,,,,,,,6087.0,221.7569992,8012.0,41400.0,1334.0,10860.0,11723.0,0.0,0.0,,,,,,,,,,,,,,,,,,,,,,
20131001,,,,,,,,,,,7000.0,252.749999583,9255.0,37860.0,2470.0,10380.0,13494.0,0.0,0.0,,,,,,,,,,,,,,,,,,,,,,
20131002,,,,,,,,,,,5502.0,194.399999555,6969.0,34440.0,717.0,4560.0,10353.0,0.0,0.0,,,,,,,,,,,,,169.0,3947.0,434.0,1.0,109.0,10968.0,15588.0,4620.0,58.0,0.0
20131003,,,,,,,,,,,8039.0,285.400999159,10054.0,36180.0,1095.0,4920.0,15010.0,0.0,0.0,,,,,,,,,,,,,,,,,,,,,,
20131004,,,,,,,,,,,6649.0,229.20200057,8027.0,39900.0,1813.0,9840.0,12122.0,0.0,0.0,,,,,,,,,,,,,454.0,453.0,530.0,0.0,450.0,2474.0,4514.0,2040.0,13.0,0.0
20131005,,,,,,,,,,,7674.0,266.374001548,9377.0,32220.0,1510.0,6600.0,14158.0,0.0,0.0,,,,,,,,,,,,,101.0,681.0,510.0,0.0,90.0,13981.0,24713.0,10732.0,85.0,0.0
20131006,,,,,,,,,,,8825.0,307.693000007,10867.0,29280.0,1793.0,5820.0,16283.0,0.0,0.0,,,,,,,,,,,,,,,,,,,,,,
20131007,,,,,,,,,,,5751.0,207.243000338,7336.0,37320.0,1710.0,8340.0,10832.0,0.0,0.0,,,,,,,,,,,,,,,,,,,,,,
20131008,,,,,,,,,,,6174.0,210.399001209,7598.0,39000.0,1133.0,8100.0,11418.0,0.0,0.0,,,,,,,,,,,,,,,,,,,,,,
20131009,,,,,,,,,,,7347.0,255.981999401,9208.0,38760.0,1446.0,9780.0,13761.0,0.0,0.0,,,,,,,,,,,,,107.0,745.0,516.0,0.0,96.0,12609.0,24609.0,12000.0,79.0,0.0
20131010,,,,,,,,,,,6519.0,221.175001038,7919.0,35280.0,1030.0,6960.0,11960.0,0.0,0.0,,,,,,,,,,,,,4.0,1019.0,383.0,0.0,1428.0,12923.0,22823.0,9900.0,81.0,0.0
20131011,,,,,,,,,,,8371.0,285.352000831,10230.0,37680.0,1394.0,4740.0,15434.0,0.0,0.0,,,,,,,,,,,,,95.0,671.0,439.0,0.0,84.0,13544.0,20744.0,7200.0,77.0,0.0
20131012,,,,,,,,,,,11131.0,394.241000844,13996.0,31200.0,1530.0,7140.0,20800.0,0.0,0.0,,,,,,,,,,,,,,,,,,,,,,
20131013,,,,,,,,,,,4014.0,141.792999446,5076.0,43140.0,1402.0,8700.0,7537.0,0.0,0.0,,,,,,,,,,,,,,,,,,,,,,
20131014,,,,,,,,,,,6607.0,236.783000698,8300.0,37920.0,1541.0,9000.0,12379.0,0.0,0.0,,,,,,,,,,,,,6119.0,1126.0,30318.0,1.0,5418.0,13980.0,23936.0,9956.0,82.0,0.0
20131015,,,,,,,,,,,6387.0,222.496000394,7948.0,39360.0,1026.0,7260.0,11902.0,0.0,0.0,,,,,,,,,,,,,2939.0,1440.0,30305.0,0.0,1805.0,13380.0,27595.0,14215.0,90.0,0.0
20131016,,,,,,,,,,,7832.0,270.139001131,9642.0,39420.0,1256.0,6540.0,14491.0,0.0,0.0,,,,,,,,,,,,,3539.0,665.0,27474.0,0.0,2874.0,11940.0,24207.0,12267.0,81.0,0.0
20131017,,,,,,,,,,,4789.0,170.577000201,6036.0,38880.0,864.0,18840.0,8979.0,0.0,0.0,,,,,,,,,,,,,,,,,,,,,,
20131018,,,,,,,,,,,122.0,4.44400000572,157.0,50400.0,38.0,50400.0,232.0,0.0,0.0,,,,,,,,,,,,,,,,,,,,,,
20131019,,,,,,,,,,,7495.0,258.060000641,9198.0,28680.0,3205.0,3780.0,13854.0,0.0,0.0,,,,,,,,,,,,,9659.0,2448.0,30887.0,1.0,8987.0,8831.0,20125.0,11294.0,62.0,0.0
20131020,,,,,,,,,,,5257.0,181.220000772,6416.0,35580.0,913.0,9180.0,9661.0,0.0,0.0,,,,,,,,,,,,,,,,,,,,,,
20131021,,,,,,,,,,,5005.0,171.862000166,6151.0,38880.0,775.0,8100.0,9246.0,0.0,0.0,,,,,,,,,,,,,,,,,,,,,,
20131022,,,,,,,,,,,5320.0,188.251000198,6668.0,41220.0,1419.0,6240.0,9924.0,0.0,0.0,,,,,,,,,,,,,,,,,,,,,,
20131023,,,,,,,,,,,5672.0,194.351001024,6902.0,41940.0,1232.0,7020.0,10398.0,0.0,0.0,,,,,,,,,,,,,7079.0,816.0,29370.0,0.0,6270.0,11274.0,22374.0,11100.0,73.0,0.0
20131024,,,,,,,,,,,43616.0,115.846000401,4153.0,43680.0,697.0,8820.0,6301.0,1.0,43238.0,,,,,,,,,,,,,,,,,,,,,,
20131025,,,,,,,,,,,5046.0,175.251999853,6248.0,41280.0,785.0,5880.0,9371.0,0.0,0.0,,,,,,,,,,,,,,,,,,,,,,
20131026,,,,,,,,,,,9476.0,332.862999765,11765.0,33600.0,1783.0,3660.0,17628.0,0.0,0.0,,,,,,,,,,,,,,,,,,,,,,
20131027,,,,,,,,,,,4950.0,176.427999899,6243.0,25680.0,770.0,2340.0,9285.0,0.0,0.0,,,,,,,,,,,,,,,,,,,,,,